control_name,txn_id,type,amount,orig_account,oldbalance_orig,newbalance_orig,dest_account,oldbalance_dest,newbalance_dest,is_fraud,day_number,hour_of_day
C1_high_value_transfer,749395,TRANSFER,862330.40,6c4b6256d209b1af13fd40c3d5e9b3f429f052d799c3b148b7889bb9db3b5ee5,31495.00,0.00,1003cda847f09ee151e4f012a1b62f69dbacc68d7355cd85133babaf0a64f7f1,127055.37,989385.76,0,2,14
C1_high_value_transfer,17180050017,TRANSFER,244661.83,2e8e51141d87eb0848a8ec50112e66e25d2424c85e047afd016bdf106e4953a5,0.00,0.00,3c712da2c4d2776a36177d61fb14cb14e2641d283d00a60cd52545fd8dab2abd,385771.52,630433.36,0,7,23
C1_high_value_transfer,25770127566,TRANSFER,793903.68,ad6a348c0a456a52a3c9029d633575fff7ba7af40c09791cc3092e69d54ab66a,17521.00,0.00,4bf9e820d9a050aaf20e4e854756f565df95d488e51bd0c266e0da304b000aa6,1062568.51,1856472.19,0,10,13
C1_high_value_transfer,51540311607,TRANSFER,859685.14,24bc450dd48b3ac53ee52449d84d170cfb75e5b622f870eed06dee478b10b1a2,107794.00,0.00,e921ac24ab9d89177baa045202712f7946a01ffb6085f4231358440765e5ebbe,30794925.95,31654611.10,0,17,19
C1_high_value_transfer,60129611332,TRANSFER,319316.07,71f477fc9e72de119c557d1f253352667ba7682eee2eacc1263f7e1854a3f4f7,0.00,0.00,bdee0a6614732e8ed037f35d4399999121fca77b882502e7cd437cd92f755a21,6757172.38,7076488.45,0,23,12
C2_account_drained,17180112079,CASH_OUT,133656.95,053aa353745f9f7755cf27756adc7302738d8c339183daed21d05b9887caf5fb,106.00,0.00,1a42f46285b132616e22b93318b79ea948f06c5b9dc886275d0ac83615576b46,44743.06,178400.02,0,8,11
C2_account_drained,25769868761,CASH_OUT,136528.85,e0816f6f7c0132523039392bc2e2e726028547191d671d3bf562aed875d0450c,21751.00,0.00,8189a6b78e40a1d6b134e6ea0bf3e5a10edf10de1b3ff1a62d04ac4dc766ea92,1740599.76,1877128.61,0,9,18
C2_account_drained,25770396457,CASH_OUT,400261.69,56502300bfe7330114202462070ea72b3a4243da327ec25462724bc1c3db7fa8,341282.00,0.00,f8a21d055d2bcd69b6f510b258d04dfae943b31ee8e338c7c711b2aa620133d3,2349333.35,2749595.04,0,11,9
C2_account_drained,34359884270,CASH_OUT,110195.40,448a3b5538dcd6ed68073cf21f2a227f34a2a9acf10dc1399a7e34bd45cc7fd1,55145.00,0.00,1d3967c9217a45b24d23e75c6e7a1248d4448bf9cf7e95a69895f600c9107a2c,181083.70,291279.10,0,12,9
C2_account_drained,51539656350,CASH_OUT,541587.64,668b1705d886afe88e9be440a230eec3189839ad6b075dbc045d7abdca71101f,110714.00,0.00,9347998849cebd83f8fcd4584416aeaf64f9952710e85ab5e75c620d90882ca2,0.00,541587.64,0,16,11
C3_dest_no_balance_movement,274251,CASH_OUT,154096.75,f24d22553080704072be0e81e4c99563b4f050f83dd8ba15b43c09cf19e936f9,70134.00,0.00,9e95af96b0bd18bf261649b528d9da89f46210a415a2745c1deaa567cb116d99,0.00,0.00,0,1,15
C3_dest_no_balance_movement,42949732483,TRANSFER,171200.54,ef1e76f9ded566746ecb58d6bf35b8223f9da9bba9035c68faaf100a06f7ca76,171200.54,0.00,92be20477d447ffeda466a7a5c96043074f3f32dc32b0e573eac91b24f5b0b5c,0.00,0.00,1,14,8
C3_dest_no_balance_movement,60129758598,TRANSFER,7922.98,50563f71265a00d894fd71f33425ee02727e69d128a41090f1001fccfc690e78,7922.98,0.00,2d431aad13b5bec84745f1c13b5764497e8bd2c51d3c1ce87a0b55ea4778a51e,0.00,0.00,1,27,5
C3_dest_no_balance_movement,60129759291,TRANSFER,58521.53,8ed9f63575621cefe41c2bdf7adb0798016c67c53d67c5e63898ff080b07c452,58521.53,0.00,f3f5b49ea0afb201588de74a4cab7e3a067dc1c5e3c3bc622dcb4d17232cbfd3,0.00,0.00,1,27,13
C3_dest_no_balance_movement,60129762238,TRANSFER,246250.77,409146f7ea79b9d8fda3fe3982fe509cafc822fb637796c6c999fb7646f09878,246250.77,0.00,45843f25948c6f389b35f837dae6f109105bd53350eaf40fe7f8f538de44f1e3,0.00,0.00,1,27,15
C4_transfer_then_cashout,25770230333,TRANSFER,48156.69,7a8ebeb2f13d2d8b3402086877b48484c0afdde6987e06dab4eeadba08b756a6,48156.69,0.00,4c6f57aadc6a08830c250fc0b314e08909e299841912ea426e7ded4341b832af,0.00,0.00,1,10,17
C4_transfer_then_cashout,34360442795,TRANSFER,10000000.00,a12f8e7b695cc019d1b3bc0759eb69f4e6d5d71ecc187baccc670f7e342db26b,5004.00,0.00,0a8bfc17969de47e72498bfdbb5af4b79e9b22f8497f3f31d332d8f5071e7c67,2563195.37,23097628.49,0,13,16
C4_transfer_then_cashout,34360448136,TRANSFER,10000000.00,9befdd7da870e17791827a28469a8b116e2d481981a8bbd54196059bb1694241,4662.00,0.00,58a76156d4bbf2612450ca41edf58a93b3a1afc69d7beda90e0645276e1d9ada,4988154.50,76556199.07,0,13,16
C4_transfer_then_cashout,51540402222,TRANSFER,206985.26,150e22ef2a2330a1b1e11229a0221ad6ecc067daae24ebbda2f4392dcdc16f73,206985.26,0.00,b004cc8276e110e6c103222fa2d92acae348bf345ff08ce1dd3ef006be418728,0.00,0.00,1,18,2
C4_transfer_then_cashout,60129848046,TRANSFER,252667.75,9248384aaba088976fc7121732b34d64edf8bf39a3bc457c483076c6802afe0e,252667.75,0.00,b7838fa7e484d69f59c95660903bf0a6aa25dc1ef13893a23a2b9d3ee5a377d3,0.00,0.00,1,31,8
C5_orig_balance_mismatch,551882,CASH_OUT,142726.81,66bde12d1d62a3adb22f273bc80bfa9c7b418c9e0f33e97e84005a48d4325dbc,21545.00,0.00,6b5842fddea85d7ce076b01cdf9347270132bd9ecd951cc4140b005c25e677c9,985520.54,1128247.35,0,1,21
C5_orig_balance_mismatch,8590114366,CASH_OUT,118983.03,15149bb75597ac8b009e2466ad0fca1a512e4ddb837f9693edc47bdfe924b851,0.00,0.00,8749d2237c25dce0caf6f338315073eedb4bbb2322cbabfaa2d41c9bc3a7c75b,1033354.53,1152337.56,0,4,0
C5_orig_balance_mismatch,8590704097,CASH_OUT,25448.27,107a952d4ac87858c34469db924b95ac39b2baf509e59de0d39421d659c0a498,0.00,0.00,14a2bfc24b0f26cb10a4295f2c34bc7d29f6ceeb1d9b63fe5a7bc37d145e72a3,4236901.29,4262349.56,0,7,13
C5_orig_balance_mismatch,17180258896,CASH_OUT,47603.88,53d2015cae97d645ad1536a170ba7e82b22c2eed9dbc91711376e5129d5449fd,0.00,0.00,58a14b474aa95922bd901f3feef647abcb65fc2dc40025e5bf91c0fc4bda5478,1386365.17,1433969.05,0,8,15
C5_orig_balance_mismatch,25770459434,CASH_OUT,7093.39,d389f966493ea92ce9b3957715bc14d551866985158c7f3c486395beb1c59929,0.00,0.00,8bb9b67e31009d4a6bfc609c19548ef80a30ed76bf379b5ae581c0f20b356202,17678.07,24771.46,0,11,11
