step,hour_of_day,forecast_frauds,method
744,0,9.8,regression
745,1,11.3,regression
746,2,11.8,regression
747,3,10.3,regression
748,4,8.3,regression
749,5,11.9,regression
750,6,10.6,regression
751,7,10.2,regression
752,8,11.6,regression
753,9,10.6,regression
754,10,11.4,regression
755,11,10.1,regression
756,12,10.5,regression
757,13,10.8,regression
758,14,11.1,regression
759,15,10.3,regression
760,16,10.8,regression
761,17,11.2,regression
762,18,10.6,regression
763,19,10.7,regression
764,20,11.0,regression
765,21,10.8,regression
766,22,10.5,regression
767,23,10.4,regression
