step,txns,total_amount,frauds,fraud_amount
1,2708,285429181.15,16,3740247.01
2,1014,85921604.02,8,4186592.48
3,552,43293884.42,4,66832.74
4,565,72910028.57,10,26400274.90
5,665,45548089.75,6,381841.54
6,1660,164310551.22,22,974869.68
7,6837,832930814.24,12,12414694.06
8,21097,3439602407.35,12,1589040.41
9,37628,7008379239.43,19,11476630.22
10,35991,7124214893.71,11,6935977.72
11,37241,7015066478.01,7,2589879.36
12,36153,6754284804.75,14,14576518.75
13,37515,6847540999.97,14,28794104.80
14,41485,6874186933.62,12,17247375.50
15,44609,7183723206.53,20,4648823.06
16,42471,6960084691.15,10,11763103.44
17,43361,7116325732.27,7,4323372.88
18,49579,7255071578.26,16,10512215.64
19,51352,7103846529.97,11,31410194.13
20,40625,5173930961.93,4,929279.76
21,19152,2239833155.38,5,1910536.98
22,12635,1456148844.67,23,11429114.24
23,6144,657117971.23,2,292254.20
24,3216,392163044.05,6,2570053.96
25,1598,190670809.59,18,8233325.96
26,440,53827747.85,12,6980314.90
27,41,10549062.83,8,5076953.26
28,4,8647152.22,4,8647152.22
29,4,1217680.46,4,1217680.46
30,8,975200.92,8,975200.92
31,12,12927128.04,12,12927128.04
32,12,9361820.08,12,9361820.08
33,23616,4235326534.63,12,62990086.16
34,30904,5510123134.35,22,10074791.86
35,29157,5295843667.35,15,28974163.02
36,39774,6832213559.91,19,12872293.77
37,34000,5962020479.16,13,13887236.74
38,31453,5242347779.47,16,17970829.46
39,23391,3777663323.28,12,20914856.86
40,34270,5610763049.04,14,18491800.56
41,36348,5788068602.39,12,13273124.90
42,41304,6360574481.60,14,25926526.46
43,45060,6511754245.67,13,3982938.35
44,38523,4830178103.07,8,5233198.54
45,18500,2159618105.61,16,38916438.66
46,12445,1396954333.96,14,24867267.58
47,8681,896077856.93,21,11942126.21
48,5693,540938538.75,10,15502430.10
49,764,54845905.75,4,2270293.72
50,6,3345118.94,6,3345118.94
51,14,8313333.94,14,8313333.94
52,8,19349931.92,8,19349931.92
53,10,12617901.54,10,12617901.54
54,4,3577598.36,4,3577598.36
55,12,4969150.82,12,4969150.82
56,18,21799570.76,18,21799570.76
57,6,3053734.92,6,3053734.92
58,20,40832628.86,20,40832628.86
59,20,25707837.72,20,25707837.72
60,12,5051824.60,12,5051824.60
61,14,10326374.76,14,10326374.76
62,8,4512316.56,8,4512316.56
63,8,4106789.76,8,4106789.76
64,18,14681327.96,18,14681327.96
65,20,16326827.82,20,16326827.82
66,24,43525991.12,24,43525991.12
67,6,2354600.56,6,2354600.56
68,18,29882358.08,18,29882358.08
69,20,41458369.28,20,41458369.28
70,6,2941247.94,6,2941247.94
71,20,13655351.44,20,13655351.44
72,14,59848379.22,14,59848379.22
73,8,2582474.42,8,2582474.42
74,22,33794195.06,22,33794195.06
75,8,5970615.06,8,5970615.06
76,4,4152727.08,4,4152727.08
77,10,35925500.00,10,35925500.00
78,10,11208144.90,10,11208144.90
79,10,6261606.14,10,6261606.14
80,10,2992622.60,10,2992622.60
81,10,10202118.94,10,10202118.94
82,10,35812474.28,10,35812474.28
83,12,10608310.40,12,10608310.40
84,16,36611285.98,16,36611285.98
85,14,25618937.12,14,25618937.12
86,18,53565564.56,18,53565564.56
87,6,2627321.58,6,2627321.58
88,8,34628042.40,8,34628042.40
89,6,2157581.12,6,2157581.12
90,16,20774510.34,16,20774510.34
91,8,4339885.10,8,4339885.10
92,10,3754118.76,10,3754118.76
93,4444,608142230.27,16,17239467.22
94,10372,1286675245.12,12,14574168.34
95,6858,853594039.56,14,26309623.62
96,6350,738547809.80,4,36535521.00
97,685,74683514.70,10,10905909.48
98,14,12891419.98,14,12891419.98
99,8,13044113.80,8,13044113.80
100,6,3013658.28,6,3013658.28
101,12,12062241.02,12,12062241.02
102,12,6442999.62,12,6442999.62
103,8,5482907.76,8,5482907.76
104,14,7764539.00,14,7764539.00
105,18,15487769.30,18,15487769.30
106,18,12407586.84,18,12407586.84
107,10,5062020.64,10,5062020.64
108,8,15526032.36,8,15526032.36
109,12,8388165.94,12,8388165.94
110,10,8845515.58,10,8845515.58
111,10,11801388.46,10,11801388.46
112,2,84837.70,2,84837.70
113,6,3976999.10,6,3976999.10
114,4,7748974.38,4,7748974.38
115,10,7226221.72,10,7226221.72
116,14,16376396.78,14,16376396.78
117,12,13355288.92,12,13355288.92
118,12,33446321.98,12,33446321.98
119,5740,652470324.75,10,7143604.24
120,3144,377544600.44,12,6495665.24
121,1074,111898438.66,14,9846685.32
122,414,63367833.74,14,15003065.74
123,52,22572340.19,6,13972355.84
124,4,22077380.04,4,22077380.04
125,10,18369419.18,10,18369419.18
126,6,14855403.24,6,14855403.24
127,14,22089204.56,14,22089204.56
128,8,15992485.52,8,15992485.52
129,21986,4391391782.56,6,5241801.30
130,32890,6698931223.32,6,3435903.52
131,36375,6783763408.09,16,51400602.10
132,35936,6687443284.34,10,17150389.72
133,35147,6475193394.21,10,4689421.22
134,32391,5611630988.64,10,35956235.20
135,27556,4825611448.52,8,1425274.00
136,30340,5402422002.03,10,25158940.18
137,32559,5123734992.96,12,15980105.26
138,31422,4430204695.77,4,1076311.70
139,46054,6807832968.00,4,773591.68
140,37012,4940313493.58,14,17079616.10
141,16434,2084368981.78,8,5532339.90
142,12189,1546712100.15,8,13332653.70
143,7609,931760710.67,16,29783410.48
144,3523,377448388.59,10,7010986.90
145,1117,113049826.98,14,14281544.16
146,522,66316130.03,10,17083347.98
147,84,20314127.37,6,4298922.86
148,12,10802770.02,12,10802770.02
149,22,42013551.06,22,42013551.06
150,14,14014584.44,14,14014584.44
151,18,10203595.36,18,10203595.36
152,6,5335020.24,6,5335020.24
153,19475,3684861307.08,10,3798339.20
154,29241,5375430913.09,10,11189249.42
155,29927,5606061971.16,8,7393758.66
156,27603,4960414720.23,18,7466927.98
157,29764,5050314367.42,16,25721936.50
158,27839,4789734067.88,8,11549795.48
159,27561,4573981952.64,10,2873930.94
160,27765,4657390938.93,26,88872442.84
161,33049,5387907144.99,14,44869829.06
162,40622,6199143085.37,10,35038688.10
163,46352,6710359139.23,8,4425650.78
164,39102,4981351201.62,14,9819639.38
165,16542,2053484812.33,4,5334490.56
166,12176,1382688727.46,6,4116659.24
167,7946,933051702.08,6,6258291.62
168,3824,442551927.76,2,15027162.92
169,1464,136069265.33,10,5548484.82
170,529,82260708.29,16,37207453.82
171,14,30834521.24,14,30834521.24
172,10,7312840.08,10,7312840.08
173,14,27327876.34,14,27327876.34
174,10,6161251.80,10,6161251.80
175,8,2700000.90,8,2700000.90
176,10,3362807.26,10,3362807.26
177,17336,3047457482.65,18,6663945.30
178,28204,5861954398.26,14,18498899.46
179,30534,5115943490.93,8,4712979.00
180,31481,5639808481.31,10,36439112.20
181,31749,5681319969.67,11,6882774.86
182,31900,5233469114.49,8,5430241.72
183,31199,4692443326.21,16,18978467.10
184,32175,5061974882.00,8,641278.26
185,37323,6153894465.29,16,5595525.86
186,43747,6531302921.01,17,37206085.21
187,49083,7391259249.56,10,23756742.34
188,39079,4675322824.45,10,20778776.86
189,17674,2001807262.67,10,10138774.00
190,12669,1350395827.22,8,22112574.56
191,9111,886835789.38,12,5392995.26
192,4314,409379744.14,10,8309608.76
193,1511,136595891.10,8,2287478.94
194,671,58442261.13,12,12961770.02
195,141,20572775.97,10,6852035.22
196,8,4998965.94,8,4998965.94
197,4,4894973.50,4,4894973.50
198,12,39553204.84,12,39553204.84
199,10,10151804.44,10,10151804.44
200,8,26179145.60,8,26179145.60
201,17963,2444701645.21,8,7441642.08
202,31949,4604339087.28,2,4527854.08
203,36176,5277176879.03,8,16146721.32
204,36856,5284768973.08,6,4610782.02
205,33549,5365333264.48,16,5527243.84
206,29777,4206648534.99,12,16591881.88
207,28288,4078718390.73,6,2097202.20
208,29058,4081255354.45,21,23244096.62
209,30372,4141703465.12,6,17780416.10
210,33004,4369134560.91,8,6867773.52
211,36889,4763104506.09,14,17522541.48
212,34047,4386135424.32,40,104335505.40
213,14775,1876024774.84,8,9595979.60
214,10746,1331914190.00,12,13397102.58
215,7975,1040812156.91,10,23474504.36
216,4130,514605168.46,6,3530629.18
217,3347,412718375.86,16,12623112.26
218,12,22237883.98,12,22237883.98
219,10,8562844.34,10,8562844.34
220,6,9687097.08,6,9687097.08
221,10,5286186.14,10,5286186.14
222,8,5949300.24,8,5949300.24
223,8,6587448.48,8,6587448.48
224,10,20234992.58,10,20234992.58
225,18366,3585708429.11,12,4533541.76
226,27522,6125641173.05,12,23010432.96
227,30871,6004298462.84,14,17055559.22
228,30965,5912909516.10,16,39930580.08
229,28304,5042346774.47,8,1997995.42
230,26034,4431692044.84,17,38649949.32
231,26968,4651274087.59,17,18176361.03
232,27482,4836628260.07,10,10156761.98
233,14703,2401809316.28,12,3109627.22
234,34053,5373207185.74,14,3647395.52
235,47491,7298145078.92,10,10014132.38
236,37109,4564006648.72,10,13303190.88
237,16003,1868247705.80,12,51710120.12
238,10920,1211714724.47,14,31908350.78
239,8554,931485164.92,10,3089193.60
240,4189,459973475.40,14,11598641.00
241,1865,180380700.47,18,10169644.12
242,637,65930719.52,8,14575221.68
243,8,16247876.12,8,16247876.12
244,12,27299325.08,12,27299325.08
245,4,1624691.78,4,1624691.78
246,4,1692137.58,4,1692137.58
247,8,6475558.04,8,6475558.04
248,10,28243774.70,10,28243774.70
249,23209,3792800922.78,28,47020241.04
250,31854,6326260900.29,22,67870035.96
251,35269,5771315721.23,10,24013421.26
252,35590,5854918089.56,2,152400.08
253,33311,5942227724.38,10,7202085.80
254,29553,4521637821.26,10,5394751.48
255,28840,3974800979.95,8,2180114.68
256,28570,3918809333.85,8,20354123.44
257,26843,3605125811.29,6,13407793.80
258,27662,3583780336.60,8,7159475.52
259,43328,5076897554.77,10,22105540.56
260,33674,3787449731.79,12,39424375.56
261,14420,1569022159.21,20,27005758.06
262,11125,1221492417.02,22,23105143.94
263,8021,685238193.20,6,1265463.02
264,4042,368989231.13,8,6467931.44
265,1581,144773162.36,12,22467481.86
266,767,105005135.03,10,61784214.44
267,77,54389457.77,8,11757100.52
268,6,8090414.72,6,8090414.72
269,14,30786900.72,14,30786900.72
270,16,7453709.26,16,7453709.26
271,12,21611875.28,12,21611875.28
272,12,14762929.30,12,14762929.30
273,7871,1057528069.92,20,23804168.60
274,19202,2826244635.49,20,19364377.90
275,24797,3508304287.57,10,14612377.94
276,26383,4412622274.43,10,13629640.32
277,25925,4044242654.87,14,8334851.02
278,25737,4022655172.18,4,659767.16
279,25925,4231256216.76,22,65064759.15
280,25956,4068126710.03,4,1489232.82
281,27778,4504317592.53,18,21634287.86
282,31118,5081155730.24,18,8020630.52
283,36644,6258571159.98,8,3965925.56
284,33449,5923047332.08,16,8986754.62
285,14266,2842978700.69,16,27572837.08
286,11333,2435387156.50,8,6015907.74
287,6889,1444658464.92,10,20667853.00
288,4018,940528731.73,10,5445147.00
289,1437,200942836.62,12,1910568.30
290,487,52148206.04,8,4365133.10
291,44,55410020.12,10,7547162.24
292,8,6010883.12,8,6010883.12
293,4,1529597.50,4,1529597.50
294,18,26816796.08,18,26816796.08
295,10,13248845.16,10,13248845.16
296,22,49873410.00,22,49873410.00
297,20609,6011228116.56,8,21773282.10
298,29579,9417978632.75,4,1056147.64
299,31940,8851568808.70,10,18177885.16
300,31176,9602057363.44,8,4018601.34
301,30881,8875641423.12,4,982780.02
302,29127,9284963497.21,8,6953199.08
303,24714,11724714959.12,14,54740384.02
304,26697,24963550343.94,2,93322.06
305,34595,19005246565.95,14,32659392.48
306,43615,7955426526.72,12,35662272.06
307,46968,8512005039.48,16,12989631.26
308,36983,6343967072.68,6,14538037.96
309,15147,2901153885.82,8,11659187.96
310,11393,2351222355.06,10,23218952.34
311,9863,1843736745.94,16,39444125.20
312,3266,622626160.82,10,34880894.24
313,1305,264148736.08,10,19921696.54
314,512,70940145.76,6,6630956.12
315,12,33201719.30,12,33201719.30
316,12,9279425.26,12,9279425.26
317,20,6354087.94,20,6354087.94
318,6,3384709.38,6,3384709.38
319,8,12220382.46,8,12220382.46
320,14,20764447.78,14,20764447.78
321,17768,4616167707.85,8,2283118.30
322,27147,7614594107.81,16,29436549.02
323,29884,7861111520.10,10,17893241.94
324,29430,7306624172.49,10,2447231.64
325,27901,7416314396.78,10,4589819.58
326,26655,8548289956.85,14,18064958.32
327,25183,14324072141.33,10,4917316.84
328,26877,11647709104.03,18,13961667.54
329,32161,6102660553.07,6,7946794.40
330,36682,5933645454.24,10,20703812.82
331,40186,6407948389.01,6,1960817.90
332,36156,5232580956.62,6,1205647.34
333,14553,2519375123.84,8,9126924.70
334,12016,1965439321.87,4,3053286.36
335,10456,1650698226.65,4,4438239.30
336,2932,469835508.28,18,20084983.14
337,320,37511725.73,10,3844385.02
338,529,54096226.84,4,525566.90
339,10,4839777.76,10,4839777.76
340,10,20576578.26,10,20576578.26
341,10,9681273.68,10,9681273.68
342,14,2872763.50,14,2872763.50
343,12,5299923.58,12,5299923.58
344,6,5246154.58,6,5246154.58
345,14670,3775109118.91,12,20934275.32
346,26073,5826660716.37,6,4402671.54
347,30222,6964456131.76,0,0.00
348,29467,7929207505.03,8,15822348.14
349,29552,5701716349.72,18,16963849.96
350,28245,5640295178.53,14,22398150.30
351,26927,5172213957.19,18,58087887.92
352,27139,5047833554.76,16,26279377.32
353,30420,6779388634.99,8,2604863.18
354,40696,6965215256.25,12,40189013.44
355,44787,7234253609.70,8,19713220.86
356,33528,4693535568.26,6,12634652.50
357,15096,2291105832.49,18,37906720.70
358,12050,1754502433.76,10,15686899.10
359,7991,1081719923.47,12,39518536.68
360,3508,475026460.95,8,3961920.48
361,1441,170127306.87,14,16033101.22
362,504,120469553.48,20,48496708.88
363,14,38027813.68,14,38027813.68
364,6,7708375.62,6,7708375.62
365,14,18737996.10,14,18737996.10
366,10,23250735.88,10,23250735.88
367,14,6965470.32,14,6965470.32
368,6,2900938.68,6,2900938.68
369,14490,3283341857.45,6,3991442.66
370,25429,6337254252.83,18,34645062.04
371,28388,5968864151.18,6,782237.24
372,29515,5506549073.95,8,17538141.44
373,28853,5407533849.39,12,10628683.06
374,27727,5003598395.76,14,6580875.16
375,26103,5510846318.73,10,3993252.86
376,20122,6138973352.87,4,1394313.84
377,18183,2963739223.12,10,7689896.10
378,37127,5531479167.98,4,761155.06
379,41759,5847754144.07,16,33623050.92
380,37693,4803245990.13,14,9165065.98
381,14961,2043308095.19,4,1612277.42
382,11829,1657430074.48,8,7264385.28
383,7818,1055020916.85,14,28672487.98
384,3588,443414417.79,6,5135667.38
385,1419,142296140.07,8,5466976.74
386,633,131912135.28,16,63679949.18
387,28,147237648.39,28,147237648.39
388,18,34064057.06,18,34064057.06
389,10,25595859.90,10,25595859.90
390,12,17235988.42,12,17235988.42
391,12,13642966.84,12,13642966.84
392,10,7935358.76,10,7935358.76
393,19269,4577025882.60,4,1446315.50
394,28959,6433780283.85,10,10113828.52
395,22797,3912610392.82,8,943692.40
396,34075,6436763739.34,8,8061487.48
397,30348,5915512509.77,10,5677026.32
398,26656,5024591202.61,26,92473491.98
399,30223,5917459225.07,12,6605265.34
400,30910,5608205263.28,16,24421400.84
401,33468,5718920109.12,16,28081650.36
402,40218,6596385476.64,12,14220007.74
403,45155,6746761157.95,16,12681871.74
404,36726,4862065083.49,18,30981834.22
405,16604,2252761583.91,10,27711647.60
406,12023,1737107629.18,24,45330435.22
407,7937,970894107.08,6,4892724.10
408,8256,1019370201.37,10,8426965.50
409,483,124249603.63,20,74544759.32
410,20,28815915.80,20,28815915.80
411,16,44434467.26,16,44434467.26
412,8,6931488.54,8,6931488.54
413,289,56035634.04,14,20718110.18
414,16,40395346.04,16,40395346.04
415,16,11738866.76,16,11738866.76
416,2182,345168018.54,8,26252103.96
417,6,6632519.28,6,6632519.28
418,6,2758272.86,6,2758272.86
419,1257,193638577.05,10,8577308.84
420,2620,516175683.20,12,6214993.72
421,14,54903247.38,14,54903247.38
422,1259,243906571.78,10,10364365.48
423,766,121423443.11,6,8384347.36
424,14,23591968.12,14,23591968.12
425,28,110298471.23,28,110298471.23
426,5139,888380417.69,2,199608.42
427,14,22280093.62,14,22280093.62
428,2792,369181208.02,6,6429529.82
429,2357,306539468.20,4,2305809.18
430,8,13356935.20,8,13356935.20
431,1685,176579531.52,6,10421929.52
432,4,4115551.48,4,4115551.48
433,6,3740353.90,6,3740353.90
434,8,15066379.40,8,15066379.40
435,4,3018541.02,4,3018541.02
436,248,57243868.85,16,21208459.54
437,16,24046445.40,16,24046445.40
438,12,13988340.30,12,13988340.30
439,883,90178693.02,12,16647703.40
440,18,106424896.32,18,106424896.32
441,10,16704956.40,10,16704956.40
442,1222,150273831.39,12,9302089.46
443,10,9883266.22,10,9883266.22
444,20,55929981.00,20,55929981.00
445,64,20604103.08,6,4902393.82
446,12,23247205.76,12,23247205.76
447,10,17027129.52,10,17027129.52
448,2548,382255817.02,6,1632367.56
449,1194,168249336.65,6,4532597.78
450,16,42903268.10,16,42903268.10
451,3751,523928034.91,4,969917.34
452,308,62669683.02,10,19262284.76
453,59,20125779.26,8,8635021.62
454,39,13318758.34,6,3710927.60
455,824,84116910.54,10,5993693.94
456,18,31949963.72,18,31949963.72
457,10,4996140.54,10,4996140.54
458,438,40738860.82,6,893009.56
459,8,2962101.96,8,2962101.96
460,59,21889297.82,16,11378803.30
461,83,38674234.93,16,22101413.28
462,16,12933930.56,16,12933930.56
463,10,15575691.76,10,15575691.76
464,16,19647849.88,16,19647849.88
465,12,20195821.50,12,20195821.50
466,984,165540424.33,6,9399477.28
467,12,6673898.26,12,6673898.26
468,12,8427756.38,12,8427756.38
469,6016,1128548350.45,8,42293650.88
470,12,13929861.70,12,13929861.70
471,2620,479065942.25,2,1008689.86
472,84,50577039.29,8,8088190.96
473,10,1423133.56,10,1423133.56
474,2728,578338723.62,8,5804368.64
475,14,4167837.46,14,4167837.46
476,3755,593405934.91,8,3306848.02
477,10,38321192.76,10,38321192.76
478,1908,249631132.25,6,6270376.16
479,904,98762802.43,4,14938025.34
480,6,1945259.10,6,1945259.10
481,14,7476067.60,14,7476067.60
482,16,7618253.76,16,7618253.76
483,317,63937791.88,8,23227580.96
484,6,501135.22,6,501135.22
485,12,16670389.88,12,16670389.88
486,8,12307851.50,8,12307851.50
487,912,112818882.03,14,12065199.46
488,8,11535648.86,8,11535648.86
489,14,20060606.22,14,20060606.22
490,3820,770912131.67,10,16292525.02
491,12,9649155.40,12,9649155.40
492,5119,1172822465.13,6,8415432.20
493,1819,422340538.14,8,5063603.26
494,8,22656512.98,8,22656512.98
495,3256,722693286.40,16,10287047.48
496,873,162350118.60,6,1942097.02
497,20,44196804.32,20,44196804.32
498,12,42134942.80,12,42134942.80
499,10,3823494.90,10,3823494.90
500,6108,881206032.83,4,1905605.74
501,28,79614672.48,28,79614672.48
502,313,56704614.49,12,15705844.42
503,1878,186350409.67,10,6032632.26
504,10,10039514.88,10,10039514.88
505,936,98603049.61,8,21058718.76
506,8,37329805.02,8,37329805.02
507,14,42107207.22,14,42107207.22
508,6,1907268.16,6,1907268.16
509,288,48899871.07,14,11324703.20
510,10,16351972.12,10,16351972.12
511,6,3040983.82,6,3040983.82
512,12,24542548.84,12,24542548.84
513,10,4352810.34,10,4352810.34
514,8733,1999273152.65,14,40748411.74
515,6,854962.98,6,854962.98
516,14,49316030.56,14,49316030.56
517,1391,233099715.33,6,12496902.06
518,3488,649922857.86,8,3050474.42
519,12,5862921.82,12,5862921.82
520,3037,589367419.26,12,27593733.06
521,14,11945989.74,14,11945989.74
522,18631,3670726387.08,14,8446983.32
523,30,69540142.40,30,69540142.40
524,2664,367784058.74,4,1177079.38
525,8023,956470572.52,2,406561.70
526,2470,272760266.42,12,3828632.44
527,2697,275898931.96,6,2359661.44
528,937,85319692.74,14,9174137.60
529,33,15241906.52,6,9704061.72
530,409,54769365.81,8,1909485.46
531,250,57770528.47,14,24268797.38
532,95,13926809.05,6,2153727.20
533,12,13069443.86,12,13069443.86
534,531,52014715.13,12,7342713.12
535,6,2535105.66,6,2535105.66
536,12,7342744.30,12,7342744.30
537,18,7191162.74,18,7191162.74
538,3120,803923598.25,10,10044400.88
539,4,556966.14,4,556966.14
540,5476,1069628453.07,6,12079249.28
541,12,43310664.08,12,43310664.08
542,4475,763897085.02,10,29204338.76
543,6,5380517.80,6,5380517.80
544,9358,1644902213.31,6,1236278.56
545,3562,545060662.95,0,0.00
546,7771,1169423725.34,10,4795830.98
547,2261,359716407.22,8,4434989.96
548,5689,703318157.58,2,252863.22
549,642,61541864.88,12,7619342.16
550,4804,552312295.48,8,4124627.66
551,949,98573979.62,18,17884531.28
552,1517,149337625.67,10,2947529.80
553,8,4677417.00,8,4677417.00
554,18,85876715.24,18,85876715.24
555,144,23050207.14,6,6721842.34
556,6,3120878.82,6,3120878.82
557,20,19343563.10,20,19343563.10
558,14,8472680.22,14,8472680.22
559,10,8614436.24,10,8614436.24
560,10,4471218.44,10,4471218.44
561,16,17311068.86,16,17311068.86
562,10,34103614.62,10,34103614.62
563,3284,680900659.41,18,20796743.88
564,3546,593339197.85,16,26232148.20
565,5425,929420893.75,12,5967014.64
566,1421,210434744.41,6,4594090.44
567,4356,692432804.61,10,8070082.08
568,14,21012595.98,14,21012595.98
569,1182,196460391.21,14,7014615.58
570,1965,290204523.94,10,10183582.02
571,4256,637073127.54,10,9214729.60
572,18,11261178.00,18,11261178.00
573,3487,389848074.51,8,4754931.48
574,2614,295795973.70,4,229978.88
575,8,4362409.58,8,4362409.58
576,877,81920995.88,14,8083706.50
577,364,45191071.07,12,7649463.00
578,269,59022160.44,20,27473589.36
579,12,13391113.62,12,13391113.62
580,58,16815292.89,10,9555883.06
581,10,8109043.62,10,8109043.62
582,775,68649688.11,16,21844050.46
583,16,12437199.90,16,12437199.90
584,281,42427857.93,8,6072941.66
585,2047,299768066.48,6,20111176.74
586,1581,317120822.11,12,66008957.06
587,2740,543681227.43,6,5046226.10
588,4894,775258607.31,12,8179716.16
589,6245,1070599526.98,2,328593.70
590,6584,1141494285.49,8,7195791.44
591,57,23057518.83,12,16978495.52
592,5373,898961370.63,10,7906739.48
593,4,795846.68,4,795846.68
594,6536,998077347.42,10,5126436.72
595,5434,725710623.93,12,8454708.62
596,9319,1459229978.32,8,2433511.24
597,2486,334291994.35,6,3240669.92
598,934,101198178.91,4,12040134.74
599,1816,186384113.39,6,2010804.74
600,18,35814392.02,18,35814392.02
601,865,86666912.34,10,3470850.04
602,8,5697984.22,8,5697984.22
603,12,19318593.14,12,19318593.14
604,8,11736101.32,8,11736101.32
605,16,10418263.96,16,10418263.96
606,14,29801780.80,14,29801780.80
607,8,1402691.26,8,1402691.26
608,1082,153163443.40,16,33359254.08
609,8,1962933.30,8,1962933.30
610,1199,151695358.52,12,5269088.46
611,14,7014769.80,14,7014769.80
612,2677,442827835.17,12,7276108.10
613,45,20714053.12,20,16976029.50
614,1278,176103740.92,16,21300053.22
615,8,18864296.14,8,18864296.14
616,6,17192937.16,6,17192937.16
617,2680,491921999.56,16,88607485.19
618,8,4093382.08,8,4093382.08
619,2800,379732051.64,14,12463874.96
620,8,1470584.12,8,1470584.12
621,1121,167092597.90,18,48422537.28
622,4,1667642.96,4,1667642.96
623,6,842672.16,6,842672.16
624,10,27307081.34,10,27307081.34
625,24,59187126.16,24,59187126.16
626,6,265400.04,6,265400.04
627,4,7419082.84,4,7419082.84
628,6,2388645.62,6,2388645.62
629,20,27300034.54,20,27300034.54
630,150,33632566.49,4,1491480.64
631,12,34322908.44,12,34322908.44
632,8,2045006.00,8,2045006.00
633,8,9469682.56,8,9469682.56
634,10,19967336.10,10,19967336.10
635,16,9757174.24,16,9757174.24
636,12,6594877.60,12,6594877.60
637,3390,595977588.59,12,9507786.54
638,14,30445090.82,14,30445090.82
639,14,3833999.26,14,3833999.26
640,1398,235460464.64,14,6737019.04
641,10,11484847.26,10,11484847.26
642,1141,153551791.70,8,1667334.82
643,14,15829698.56,14,15829698.56
644,2267,331214212.58,10,11759994.32
645,10,24279751.58,10,24279751.58
646,20,124559607.04,20,124559607.04
647,10,9725016.58,10,9725016.58
648,14,7556887.52,14,7556887.52
649,263,37659787.22,10,4110791.56
650,16,15453019.10,16,15453019.10
651,10,27449340.32,10,27449340.32
652,14,13800111.76,14,13800111.76
653,8,3335889.22,8,3335889.22
654,8,4244319.90,8,4244319.90
655,4,598814.78,4,598814.78
656,1965,259853656.60,16,22516135.04
657,10,12898473.72,10,12898473.72
658,14,22548885.34,14,22548885.34
659,2500,873676951.75,10,9368894.66
660,12,1937697.78,12,1937697.78
661,4877,901440925.14,8,38924308.76
662,2,2936608.70,2,2936608.70
663,10,3242072.30,10,3242072.30
664,1125,206521853.94,20,30433785.90
665,10,8904817.30,10,8904817.30
666,6,1527287.10,6,1527287.10
667,1400,179970457.40,6,1324697.48
668,8,26890502.80,8,26890502.80
669,322,58813878.19,8,11327634.74
670,1906,237652009.99,12,34158962.26
671,18,64327964.70,18,64327964.70
672,153,41032712.71,8,15611011.14
673,445,46009039.61,12,5958122.48
674,14,42027958.24,14,42027958.24
675,30,42253301.82,10,29715681.80
676,8,18117891.12,8,18117891.12
677,8,44065100.36,8,44065100.36
678,6,4961854.36,6,4961854.36
679,72,25048646.98,6,7504192.98
680,22,60114590.72,22,60114590.72
681,4703,910235264.29,4,17824048.08
682,6,877562.34,6,877562.34
683,2192,459245005.17,8,13494524.16
684,4562,1484350041.80,8,4271677.18
685,14,47544533.98,14,47544533.98
686,4689,831815555.85,16,12183321.54
687,8040,1366713387.51,8,7870410.66
688,7885,1187365885.55,8,19650763.22
689,14,20273406.88,14,20273406.88
690,4972,702292231.94,12,17904169.16
691,4809,614821524.29,12,5675583.38
692,6898,833578997.72,20,43658775.68
693,4,2965073.02,4,2965073.02
694,2664,327597102.24,24,51919140.74
695,2827,282980385.48,10,20986281.78
696,6,2382110.80,6,2382110.80
697,12,7788654.28,12,7788654.28
698,65,70036302.89,16,56491532.60
699,55,16390227.15,16,7750987.76
700,6,2189920.66,6,2189920.66
701,18,25820556.98,18,25820556.98
702,14,65416667.71,14,65416667.71
703,8,14723066.04,8,14723066.04
704,16,31025756.86,16,31025756.86
705,2362,361371329.10,10,3831216.36
706,4,2401102.90,4,2401102.90
707,309,59112032.05,10,11255965.28
708,4,6459344.86,4,6459344.86
709,2313,360113385.39,8,821004.84
710,1788,378576308.51,14,77692669.18
711,8,14371325.16,8,14371325.16
712,23,5062673.81,12,2487608.48
713,8,14119525.30,8,14119525.30
714,681,124975261.94,14,24465919.72
715,1879,246325271.49,10,21992220.66
716,140,32909274.65,8,19401657.12
717,632,57639917.81,12,21615605.96
718,918,78195898.53,16,44003618.70
719,14,19259355.64,14,19259355.64
720,10,1617246.46,10,1617246.46
721,4,189712.36,4,189712.36
722,10,9511315.58,10,9511315.58
723,14,20923093.02,14,20923093.02
724,14,6120113.76,14,6120113.76
725,4,1993163.70,4,1993163.70
726,22,20213984.40,22,20213984.40
727,12,15852217.10,12,15852217.10
728,10,21656065.24,10,21656065.24
729,4,2385956.58,4,2385956.58
730,28,115003435.05,28,115003435.05
731,16,3880955.34,16,3880955.34
732,10,4391950.92,10,4391950.92
733,10,6113203.28,10,6113203.28
734,8,27827406.36,8,27827406.36
735,12,3155523.32,12,3155523.32
736,14,32530967.34,14,32530967.34
737,10,9560119.88,10,9560119.88
738,10,2883702.98,10,2883702.98
739,10,16587831.36,10,16587831.36
740,6,7632963.58,6,7632963.58
741,22,87828992.99,22,87828992.99
742,14,14323735.20,14,14323735.20
743,8,17519825.50,8,17519825.50
